-- MySQL dump 10.16  Distrib 10.1.44-MariaDB, for debian-linux-gnu (x86_64)
--
-- Host: localhost    Database: ha
-- ------------------------------------------------------
-- Server version	10.1.44-MariaDB-0ubuntu0.18.04.1

/*!40101 SET @OLD_CHARACTER_SET_CLIENT=@@CHARACTER_SET_CLIENT */;
/*!40101 SET @OLD_CHARACTER_SET_RESULTS=@@CHARACTER_SET_RESULTS */;
/*!40101 SET @OLD_COLLATION_CONNECTION=@@COLLATION_CONNECTION */;
/*!40101 SET NAMES utf8mb4 */;
/*!40103 SET @OLD_TIME_ZONE=@@TIME_ZONE */;
/*!40103 SET TIME_ZONE='+00:00' */;
/*!40014 SET @OLD_UNIQUE_CHECKS=@@UNIQUE_CHECKS, UNIQUE_CHECKS=0 */;
/*!40014 SET @OLD_FOREIGN_KEY_CHECKS=@@FOREIGN_KEY_CHECKS, FOREIGN_KEY_CHECKS=0 */;
/*!40101 SET @OLD_SQL_MODE=@@SQL_MODE, SQL_MODE='NO_AUTO_VALUE_ON_ZERO' */;
/*!40111 SET @OLD_SQL_NOTES=@@SQL_NOTES, SQL_NOTES=0 */;

--
-- Table structure for table `core_admin_dashboard`
--

DROP TABLE IF EXISTS `core_admin_dashboard`;
/*!40101 SET @saved_cs_client     = @@character_set_client */;
/*!40101 SET character_set_client = utf8 */;
CREATE TABLE `core_admin_dashboard` (
  `dashboard_name` varchar(100) COLLATE utf8_unicode_ci NOT NULL,
  `dashboard_column` int(11) NOT NULL,
  `dashboard_order` int(11) NOT NULL,
  PRIMARY KEY (`dashboard_name`)
) ENGINE=MyISAM DEFAULT CHARSET=utf8 COLLATE=utf8_unicode_ci;
/*!40101 SET character_set_client = @saved_cs_client */;

--
-- Dumping data for table `core_admin_dashboard`
--

LOCK TABLES `core_admin_dashboard` WRITE;
/*!40000 ALTER TABLE `core_admin_dashboard` DISABLE KEYS */;
INSERT INTO `core_admin_dashboard` VALUES ('usersAdminDashboardComponent',1,1),('searchAdminDashboardComponent',1,2),('editorAdminDashboardComponent',1,3),('autoIncludesAdminDashboardComponent',1,4),('featuresAdminDashboardComponent',1,5),('xslExportAdminDashboardComponent',1,6);
/*!40000 ALTER TABLE `core_admin_dashboard` ENABLE KEYS */;
UNLOCK TABLES;

--
-- Table structure for table `core_admin_mailinglist`
--

DROP TABLE IF EXISTS `core_admin_mailinglist`;
/*!40101 SET @saved_cs_client     = @@character_set_client */;
/*!40101 SET character_set_client = utf8 */;
CREATE TABLE `core_admin_mailinglist` (
  `id_mailinglist` int(11) NOT NULL AUTO_INCREMENT,
  `name` varchar(100) COLLATE utf8_unicode_ci NOT NULL,
  `description` varchar(255) COLLATE utf8_unicode_ci NOT NULL,
  `workgroup` varchar(50) COLLATE utf8_unicode_ci NOT NULL,
  PRIMARY KEY (`id_mailinglist`)
) ENGINE=MyISAM AUTO_INCREMENT=2 DEFAULT CHARSET=utf8 COLLATE=utf8_unicode_ci;
/*!40101 SET character_set_client = @saved_cs_client */;

--
-- Dumping data for table `core_admin_mailinglist`
--

LOCK TABLES `core_admin_mailinglist` WRITE;
/*!40000 ALTER TABLE `core_admin_mailinglist` DISABLE KEYS */;
INSERT INTO `core_admin_mailinglist` VALUES (1,'admin','admin','all');
/*!40000 ALTER TABLE `core_admin_mailinglist` ENABLE KEYS */;
UNLOCK TABLES;

--
-- Table structure for table `core_admin_mailinglist_filter`
--

DROP TABLE IF EXISTS `core_admin_mailinglist_filter`;
/*!40101 SET @saved_cs_client     = @@character_set_client */;
/*!40101 SET character_set_client = utf8 */;
CREATE TABLE `core_admin_mailinglist_filter` (
  `id_mailinglist` int(11) NOT NULL DEFAULT '0',
  `workgroup` varchar(50) COLLATE utf8_unicode_ci NOT NULL,
  `role` varchar(50) COLLATE utf8_unicode_ci NOT NULL,
  PRIMARY KEY (`id_mailinglist`,`workgroup`,`role`)
) ENGINE=MyISAM DEFAULT CHARSET=utf8 COLLATE=utf8_unicode_ci;
/*!40101 SET character_set_client = @saved_cs_client */;

--
-- Dumping data for table `core_admin_mailinglist_filter`
--

LOCK TABLES `core_admin_mailinglist_filter` WRITE;
/*!40000 ALTER TABLE `core_admin_mailinglist_filter` DISABLE KEYS */;
INSERT INTO `core_admin_mailinglist_filter` VALUES (1,'all','super_admin');
/*!40000 ALTER TABLE `core_admin_mailinglist_filter` ENABLE KEYS */;
UNLOCK TABLES;

--
-- Table structure for table `core_admin_right`
--

DROP TABLE IF EXISTS `core_admin_right`;
/*!40101 SET @saved_cs_client     = @@character_set_client */;
/*!40101 SET character_set_client = utf8 */;
CREATE TABLE `core_admin_right` (
  `id_right` varchar(255) COLLATE utf8_unicode_ci NOT NULL DEFAULT '',
  `name` varchar(255) COLLATE utf8_unicode_ci DEFAULT NULL,
  `level_right` smallint(6) DEFAULT NULL,
  `admin_url` varchar(255) COLLATE utf8_unicode_ci DEFAULT NULL,
  `description` varchar(255) COLLATE utf8_unicode_ci DEFAULT NULL,
  `is_updatable` int(11) NOT NULL DEFAULT '0',
  `plugin_name` varchar(50) COLLATE utf8_unicode_ci DEFAULT NULL,
  `id_feature_group` varchar(50) COLLATE utf8_unicode_ci DEFAULT NULL,
  `icon_url` varchar(255) COLLATE utf8_unicode_ci DEFAULT NULL,
  `documentation_url` varchar(255) COLLATE utf8_unicode_ci DEFAULT NULL,
  `id_order` int(11) DEFAULT NULL,
  `is_external_feature` smallint(6) DEFAULT '0',
  PRIMARY KEY (`id_right`),
  KEY `index_right` (`level_right`,`admin_url`)
) ENGINE=MyISAM DEFAULT CHARSET=utf8 COLLATE=utf8_unicode_ci;
/*!40101 SET character_set_client = @saved_cs_client */;

--
-- Dumping data for table `core_admin_right`
--

LOCK TABLES `core_admin_right` WRITE;
/*!40000 ALTER TABLE `core_admin_right` DISABLE KEYS */;
INSERT INTO `core_admin_right` VALUES ('CORE_ADMIN_SITE','portal.site.adminFeature.admin_site.name',2,'jsp/admin/site/AdminSite.jsp','portal.site.adminFeature.admin_site.description',1,NULL,'SITE','images/admin/skin/features/admin_site.png','jsp/admin/documentation/AdminDocumentation.jsp?doc=admin-site',1,0),('CORE_CACHE_MANAGEMENT','portal.system.adminFeature.cache_management.name',0,'jsp/admin/system/ManageCaches.jsp','portal.system.adminFeature.cache_management.description',1,NULL,'SYSTEM','images/admin/skin/features/manage_caches.png',NULL,1,0),('CORE_SEARCH_INDEXATION','portal.search.adminFeature.indexer.name',0,'jsp/admin/search/ManageSearchIndexation.jsp','portal.search.adminFeature.indexer.description',0,NULL,'SYSTEM',NULL,NULL,2,0),('CORE_SEARCH_MANAGEMENT','portal.search.adminFeature.search_management.name',0,NULL,'portal.search.adminFeature.search_management.description',0,NULL,'SYSTEM',NULL,NULL,3,0),('CORE_LOGS_VISUALISATION','portal.system.adminFeature.logs_visualisation.name',0,'jsp/admin/system/ManageFilesSystem.jsp','portal.system.adminFeature.logs_visualisation.description',1,NULL,'SYSTEM','images/admin/skin/features/view_logs.png',NULL,4,0),('CORE_PAGE_TEMPLATE_MANAGEMENT','portal.style.adminFeature.page_template_management.name',0,'jsp/admin/style/ManagePageTemplates.jsp','portal.style.adminFeature.page_template_management.description',0,NULL,'STYLE','images/admin/skin/features/manage_page_templates.png',NULL,2,0),('CORE_PLUGINS_MANAGEMENT','portal.system.adminFeature.plugins_management.name',0,'jsp/admin/system/ManagePlugins.jsp','portal.system.adminFeature.plugins_management.description',1,NULL,'SYSTEM','images/admin/skin/features/manage_plugins.png',NULL,5,0),('CORE_PROPERTIES_MANAGEMENT','portal.site.adminFeature.properties_management.name',2,'jsp/admin/ManageProperties.jsp','portal.site.adminFeature.properties_management.description',0,NULL,'SITE',NULL,'jsp/admin/documentation/AdminDocumentation.jsp?doc=admin-properties',2,0),('CORE_STYLESHEET_MANAGEMENT','portal.style.adminFeature.stylesheet_management.name',0,'jsp/admin/style/ManageStyleSheets.jsp','portal.style.adminFeature.stylesheet_management.description',1,NULL,'STYLE','images/admin/skin/features/manage_stylesheets.png',NULL,3,0),('CORE_STYLES_MANAGEMENT','portal.style.adminFeature.styles_management.name',0,'jsp/admin/style/ManageStyles.jsp','portal.style.adminFeature.styles_management.description',1,NULL,'STYLE','images/admin/skin/features/manage_styles.png',NULL,4,0),('CORE_USERS_MANAGEMENT','portal.users.adminFeature.users_management.name',2,'jsp/admin/user/ManageUsers.jsp','portal.users.adminFeature.users_management.description',1,'','MANAGERS','images/admin/skin/features/manage_users.png',NULL,1,0),('CORE_FEATURES_MANAGEMENT','portal.admin.adminFeature.features_management.name',0,NULL,'portal.admin.adminFeature.features_management.description',0,NULL,'SYSTEM','images/admin/skin/features/manage_features.png',NULL,6,0),('CORE_RBAC_MANAGEMENT','portal.rbac.adminFeature.rbac_management.name',0,'jsp/admin/rbac/ManageRoles.jsp','portal.rbac.adminFeature.rbac_management.description',0,'','MANAGERS','images/admin/skin/features/manage_rbac.png',NULL,2,0),('CORE_DAEMONS_MANAGEMENT','portal.system.adminFeature.daemons_management.name',0,'jsp/admin/system/ManageDaemons.jsp','portal.system.adminFeature.daemons_management.description',0,NULL,'SYSTEM',NULL,NULL,7,0),('CORE_WORKGROUPS_MANAGEMENT','portal.workgroup.adminFeature.workgroups_management.name',2,'jsp/admin/workgroup/ManageWorkgroups.jsp','portal.workgroup.adminFeature.workgroups_management.description',0,NULL,'MANAGERS','images/admin/skin/features/manage_workgroups.png',NULL,3,0),('CORE_ROLES_MANAGEMENT','portal.role.adminFeature.roles_management.name',2,'jsp/admin/role/ManagePageRole.jsp','portal.role.adminFeature.roles_management.description',0,NULL,'USERS','images/admin/skin/features/manage_roles.png',NULL,1,0),('CORE_MAILINGLISTS_MANAGEMENT','portal.mailinglist.adminFeature.mailinglists_management.name',2,'jsp/admin/mailinglist/ManageMailingLists.jsp','portal.mailinglist.adminFeature.mailinglists_management.description',0,NULL,'MANAGERS','images/admin/skin/features/manage_mailinglists.png',NULL,4,0),('CORE_LEVEL_RIGHT_MANAGEMENT','portal.users.adminFeature.level_right_management.name',2,NULL,'portal.users.adminFeature.level_right_management.description',0,NULL,'MANAGERS','images/admin/skin/features/manage_rights_levels.png',NULL,5,0),('CORE_LINK_SERVICE_MANAGEMENT','portal.insert.adminFeature.linkService_management.name',2,NULL,'portal.insert.adminFeature.linkService_management.description',0,NULL,NULL,NULL,NULL,1,0),('CORE_RIGHT_MANAGEMENT','portal.users.adminFeature.right_management.name',0,'jsp/admin/features/ManageRights.jsp','portal.users.adminFeature.right_management.description',0,NULL,'MANAGERS','images/admin/skin/features/manage_rights_levels.png',NULL,5,0),('CORE_ADMINDASHBOARD_MANAGEMENT','portal.admindashboard.adminFeature.right_management.name',0,NULL,'portal.admindashboard.adminFeature.right_management.description',0,NULL,'SYSTEM','images/admin/skin/features/manage_admindashboards.png',NULL,8,0),('CORE_DASHBOARD_MANAGEMENT','portal.dashboard.adminFeature.dashboard_management.name',0,NULL,'portal.dashboard.adminFeature.dashboard_management.description',0,NULL,'SYSTEM','images/admin/skin/features/manage_dashboards.png',NULL,9,0),('CORE_XSL_EXPORT_MANAGEMENT','portal.xsl.adminFeature.xsl_export_management.name',2,NULL,'portal.xsl.adminFeature.xsl_export_management.description',1,NULL,'SYSTEM',NULL,NULL,10,0),('CORE_TEMPLATES_AUTO_INCLUDES_MANAGEMENT','portal.templates.adminFeature.ManageAutoIncludes.name',1,NULL,'portal.templates.adminFeature.ManageAutoIncludes.description',1,NULL,'STYLE','images/admin/skin/features/manage_templates.png',NULL,4,0),('CORE_EDITORS_MANAGEMENT','portal.admindashboard.editorManagement.right.name',2,NULL,'portal.admindashboard.editorManagement.right.description',1,NULL,'SYSTEM',NULL,NULL,10,0),('HATEST_MANAGEMENT','hatest.adminFeature.ManageHa.name',0,'jsp/admin/plugins/hatest/ManageHatests.jsp','hatest.adminFeature.ManageHa.description',0,'hatest',NULL,NULL,NULL,2,0);
/*!40000 ALTER TABLE `core_admin_right` ENABLE KEYS */;
UNLOCK TABLES;

--
-- Table structure for table `core_admin_role`
--

DROP TABLE IF EXISTS `core_admin_role`;
/*!40101 SET @saved_cs_client     = @@character_set_client */;
/*!40101 SET character_set_client = utf8 */;
CREATE TABLE `core_admin_role` (
  `role_key` varchar(50) COLLATE utf8_unicode_ci NOT NULL DEFAULT '',
  `role_description` varchar(100) COLLATE utf8_unicode_ci NOT NULL DEFAULT '',
  PRIMARY KEY (`role_key`)
) ENGINE=MyISAM DEFAULT CHARSET=utf8 COLLATE=utf8_unicode_ci;
/*!40101 SET character_set_client = @saved_cs_client */;

--
-- Dumping data for table `core_admin_role`
--

LOCK TABLES `core_admin_role` WRITE;
/*!40000 ALTER TABLE `core_admin_role` DISABLE KEYS */;
INSERT INTO `core_admin_role` VALUES ('all_site_manager','Site Manager'),('super_admin','Super Administrateur');
/*!40000 ALTER TABLE `core_admin_role` ENABLE KEYS */;
UNLOCK TABLES;

--
-- Table structure for table `core_admin_role_resource`
--

DROP TABLE IF EXISTS `core_admin_role_resource`;
/*!40101 SET @saved_cs_client     = @@character_set_client */;
/*!40101 SET character_set_client = utf8 */;
CREATE TABLE `core_admin_role_resource` (
  `rbac_id` int(11) NOT NULL AUTO_INCREMENT,
  `role_key` varchar(50) COLLATE utf8_unicode_ci NOT NULL DEFAULT '',
  `resource_type` varchar(50) COLLATE utf8_unicode_ci NOT NULL DEFAULT '',
  `resource_id` varchar(50) COLLATE utf8_unicode_ci NOT NULL DEFAULT '',
  `permission` varchar(50) COLLATE utf8_unicode_ci NOT NULL DEFAULT '',
  PRIMARY KEY (`rbac_id`)
) ENGINE=MyISAM AUTO_INCREMENT=165 DEFAULT CHARSET=utf8 COLLATE=utf8_unicode_ci;
/*!40101 SET character_set_client = @saved_cs_client */;

--
-- Dumping data for table `core_admin_role_resource`
--

LOCK TABLES `core_admin_role_resource` WRITE;
/*!40000 ALTER TABLE `core_admin_role_resource` DISABLE KEYS */;
INSERT INTO `core_admin_role_resource` VALUES (57,'all_site_manager','PAGE','*','VIEW'),(58,'all_site_manager','PAGE','*','MANAGE'),(77,'super_admin','INSERT_SERVICE','*','*'),(101,'all_site_manager','PORTLET_TYPE','*','*'),(111,'all_site_manager','ADMIN_USER','*','*'),(137,'all_site_manager','SEARCH_SERVICE','*','*'),(164,'all_site_manager','XSL_EXPORT','*','*');
/*!40000 ALTER TABLE `core_admin_role_resource` ENABLE KEYS */;
UNLOCK TABLES;

--
-- Table structure for table `core_admin_user`
--

DROP TABLE IF EXISTS `core_admin_user`;
/*!40101 SET @saved_cs_client     = @@character_set_client */;
/*!40101 SET character_set_client = utf8 */;
CREATE TABLE `core_admin_user` (
  `id_user` int(11) NOT NULL AUTO_INCREMENT,
  `access_code` varchar(100) COLLATE utf8_unicode_ci NOT NULL DEFAULT '',
  `last_name` varchar(100) COLLATE utf8_unicode_ci NOT NULL DEFAULT '',
  `first_name` varchar(100) COLLATE utf8_unicode_ci NOT NULL DEFAULT '',
  `email` varchar(256) COLLATE utf8_unicode_ci NOT NULL DEFAULT '0',
  `status` smallint(6) NOT NULL DEFAULT '0',
  `password` mediumtext COLLATE utf8_unicode_ci,
  `locale` varchar(10) COLLATE utf8_unicode_ci NOT NULL DEFAULT 'fr',
  `level_user` smallint(6) NOT NULL DEFAULT '0',
  `reset_password` smallint(6) NOT NULL DEFAULT '0',
  `accessibility_mode` smallint(6) NOT NULL DEFAULT '0',
  `password_max_valid_date` timestamp NULL DEFAULT NULL,
  `account_max_valid_date` bigint(20) DEFAULT NULL,
  `nb_alerts_sent` int(11) NOT NULL DEFAULT '0',
  `last_login` timestamp NOT NULL DEFAULT '1979-12-31 23:00:00',
  `workgroup_key` varchar(50) COLLATE utf8_unicode_ci DEFAULT 'all',
  PRIMARY KEY (`id_user`)
) ENGINE=MyISAM AUTO_INCREMENT=5 DEFAULT CHARSET=utf8 COLLATE=utf8_unicode_ci;
/*!40101 SET character_set_client = @saved_cs_client */;

--
-- Dumping data for table `core_admin_user`
--

LOCK TABLES `core_admin_user` WRITE;
/*!40000 ALTER TABLE `core_admin_user` DISABLE KEYS */;
INSERT INTO `core_admin_user` VALUES (1,'admin','Admin','admin','admin@lutece.fr',0,'PBKDF2WITHHMACSHA512:40000:d80c43c774e15321d5decadd1082ca51:b0b3d9761b6773f20ff86f41381f28b59f08c7956dbf0fb364df6e2644022fb3661f04f72df1b9d6afc6b7fd972d7512617bc424d14b12f9ee54b7314a004683104d3fe23a17add267959d651fb3c3f69270216d29808fcd306e39a4f347f734aa89f7d68e925cf0f1565f59503d75fbee4c52f707fd0d089f3ccfd6c7c3d443','fr',0,0,0,'2020-09-15 15:37:10',1621352243148,0,'2020-05-18 15:37:23','all'),(2,'lutece','Lutèce','lutece','lutece@lutece.fr',1,'PLAINTEXT:adminadmin','fr',1,0,0,'1979-12-31 23:00:00',NULL,0,'1979-12-31 23:00:00','all'),(3,'redac','redac','redac','redac@lutece.fr',1,'PLAINTEXT:adminadmin','fr',2,0,0,'1979-12-31 23:00:00',NULL,0,'1979-12-31 23:00:00','all'),(4,'valid','valid','valid','valid@lutece.fr',1,'PLAINTEXT:adminadmin','fr',3,0,0,'1979-12-31 23:00:00',NULL,0,'1979-12-31 23:00:00','all');
/*!40000 ALTER TABLE `core_admin_user` ENABLE KEYS */;
UNLOCK TABLES;

--
-- Table structure for table `core_admin_user_anonymize_field`
--

DROP TABLE IF EXISTS `core_admin_user_anonymize_field`;
/*!40101 SET @saved_cs_client     = @@character_set_client */;
/*!40101 SET character_set_client = utf8 */;
CREATE TABLE `core_admin_user_anonymize_field` (
  `field_name` varchar(100) COLLATE utf8_unicode_ci NOT NULL,
  `anonymize` smallint(6) NOT NULL,
  PRIMARY KEY (`field_name`)
) ENGINE=MyISAM DEFAULT CHARSET=utf8 COLLATE=utf8_unicode_ci;
/*!40101 SET character_set_client = @saved_cs_client */;

--
-- Dumping data for table `core_admin_user_anonymize_field`
--

LOCK TABLES `core_admin_user_anonymize_field` WRITE;
/*!40000 ALTER TABLE `core_admin_user_anonymize_field` DISABLE KEYS */;
INSERT INTO `core_admin_user_anonymize_field` VALUES ('access_code',1),('last_name',1),('first_name',1),('email',1);
/*!40000 ALTER TABLE `core_admin_user_anonymize_field` ENABLE KEYS */;
UNLOCK TABLES;

--
-- Table structure for table `core_admin_user_field`
--

DROP TABLE IF EXISTS `core_admin_user_field`;
/*!40101 SET @saved_cs_client     = @@character_set_client */;
/*!40101 SET character_set_client = utf8 */;
CREATE TABLE `core_admin_user_field` (
  `id_user_field` int(11) NOT NULL AUTO_INCREMENT,
  `id_user` int(11) DEFAULT NULL,
  `id_attribute` int(11) DEFAULT NULL,
  `id_field` int(11) DEFAULT NULL,
  `id_file` int(11) DEFAULT NULL,
  `user_field_value` mediumtext COLLATE utf8_unicode_ci,
  PRIMARY KEY (`id_user_field`),
  KEY `core_admin_user_field_idx_file` (`id_file`)
) ENGINE=MyISAM DEFAULT CHARSET=utf8 COLLATE=utf8_unicode_ci;
/*!40101 SET character_set_client = @saved_cs_client */;

--
-- Dumping data for table `core_admin_user_field`
--

LOCK TABLES `core_admin_user_field` WRITE;
/*!40000 ALTER TABLE `core_admin_user_field` DISABLE KEYS */;
/*!40000 ALTER TABLE `core_admin_user_field` ENABLE KEYS */;
UNLOCK TABLES;

--
-- Table structure for table `core_admin_user_preferences`
--

DROP TABLE IF EXISTS `core_admin_user_preferences`;
/*!40101 SET @saved_cs_client     = @@character_set_client */;
/*!40101 SET character_set_client = utf8 */;
CREATE TABLE `core_admin_user_preferences` (
  `id_user` varchar(100) COLLATE utf8_unicode_ci NOT NULL,
  `pref_key` varchar(100) COLLATE utf8_unicode_ci NOT NULL,
  `pref_value` mediumtext COLLATE utf8_unicode_ci,
  PRIMARY KEY (`id_user`,`pref_key`),
  KEY `index_admin_user_preferences` (`id_user`)
) ENGINE=MyISAM DEFAULT CHARSET=utf8 COLLATE=utf8_unicode_ci;
/*!40101 SET character_set_client = @saved_cs_client */;

--
-- Dumping data for table `core_admin_user_preferences`
--

LOCK TABLES `core_admin_user_preferences` WRITE;
/*!40000 ALTER TABLE `core_admin_user_preferences` DISABLE KEYS */;
/*!40000 ALTER TABLE `core_admin_user_preferences` ENABLE KEYS */;
UNLOCK TABLES;

--
-- Table structure for table `core_admin_workgroup`
--

DROP TABLE IF EXISTS `core_admin_workgroup`;
/*!40101 SET @saved_cs_client     = @@character_set_client */;
/*!40101 SET character_set_client = utf8 */;
CREATE TABLE `core_admin_workgroup` (
  `workgroup_key` varchar(50) COLLATE utf8_unicode_ci NOT NULL,
  `workgroup_description` varchar(255) COLLATE utf8_unicode_ci DEFAULT NULL,
  PRIMARY KEY (`workgroup_key`)
) ENGINE=MyISAM DEFAULT CHARSET=utf8 COLLATE=utf8_unicode_ci;
/*!40101 SET character_set_client = @saved_cs_client */;

--
-- Dumping data for table `core_admin_workgroup`
--

LOCK TABLES `core_admin_workgroup` WRITE;
/*!40000 ALTER TABLE `core_admin_workgroup` DISABLE KEYS */;
/*!40000 ALTER TABLE `core_admin_workgroup` ENABLE KEYS */;
UNLOCK TABLES;

--
-- Table structure for table `core_admin_workgroup_user`
--

DROP TABLE IF EXISTS `core_admin_workgroup_user`;
/*!40101 SET @saved_cs_client     = @@character_set_client */;
/*!40101 SET character_set_client = utf8 */;
CREATE TABLE `core_admin_workgroup_user` (
  `workgroup_key` varchar(50) COLLATE utf8_unicode_ci NOT NULL,
  `id_user` int(11) NOT NULL,
  PRIMARY KEY (`workgroup_key`,`id_user`)
) ENGINE=MyISAM DEFAULT CHARSET=utf8 COLLATE=utf8_unicode_ci;
/*!40101 SET character_set_client = @saved_cs_client */;

--
-- Dumping data for table `core_admin_workgroup_user`
--

LOCK TABLES `core_admin_workgroup_user` WRITE;
/*!40000 ALTER TABLE `core_admin_workgroup_user` DISABLE KEYS */;
/*!40000 ALTER TABLE `core_admin_workgroup_user` ENABLE KEYS */;
UNLOCK TABLES;

--
-- Table structure for table `core_attribute`
--

DROP TABLE IF EXISTS `core_attribute`;
/*!40101 SET @saved_cs_client     = @@character_set_client */;
/*!40101 SET character_set_client = utf8 */;
CREATE TABLE `core_attribute` (
  `id_attribute` int(11) NOT NULL AUTO_INCREMENT,
  `type_class_name` varchar(255) COLLATE utf8_unicode_ci DEFAULT NULL,
  `title` mediumtext COLLATE utf8_unicode_ci,
  `help_message` mediumtext COLLATE utf8_unicode_ci,
  `is_mandatory` smallint(6) DEFAULT '0',
  `is_shown_in_search` smallint(6) DEFAULT '0',
  `is_shown_in_result_list` smallint(6) DEFAULT '0',
  `is_field_in_line` smallint(6) DEFAULT '0',
  `attribute_position` int(11) DEFAULT '0',
  `plugin_name` varchar(255) COLLATE utf8_unicode_ci DEFAULT NULL,
  `anonymize` smallint(6) DEFAULT NULL,
  PRIMARY KEY (`id_attribute`)
) ENGINE=MyISAM DEFAULT CHARSET=utf8 COLLATE=utf8_unicode_ci;
/*!40101 SET character_set_client = @saved_cs_client */;

--
-- Dumping data for table `core_attribute`
--

LOCK TABLES `core_attribute` WRITE;
/*!40000 ALTER TABLE `core_attribute` DISABLE KEYS */;
/*!40000 ALTER TABLE `core_attribute` ENABLE KEYS */;
UNLOCK TABLES;

--
-- Table structure for table `core_attribute_field`
--

DROP TABLE IF EXISTS `core_attribute_field`;
/*!40101 SET @saved_cs_client     = @@character_set_client */;
/*!40101 SET character_set_client = utf8 */;
CREATE TABLE `core_attribute_field` (
  `id_field` int(11) NOT NULL AUTO_INCREMENT,
  `id_attribute` int(11) DEFAULT NULL,
  `title` varchar(255) COLLATE utf8_unicode_ci DEFAULT NULL,
  `DEFAULT_value` mediumtext COLLATE utf8_unicode_ci,
  `is_DEFAULT_value` smallint(6) DEFAULT '0',
  `height` int(11) DEFAULT NULL,
  `width` int(11) DEFAULT NULL,
  `max_size_enter` int(11) DEFAULT NULL,
  `is_multiple` smallint(6) DEFAULT '0',
  `field_position` int(11) DEFAULT NULL,
  PRIMARY KEY (`id_field`)
) ENGINE=MyISAM DEFAULT CHARSET=utf8 COLLATE=utf8_unicode_ci;
/*!40101 SET character_set_client = @saved_cs_client */;

--
-- Dumping data for table `core_attribute_field`
--

LOCK TABLES `core_attribute_field` WRITE;
/*!40000 ALTER TABLE `core_attribute_field` DISABLE KEYS */;
/*!40000 ALTER TABLE `core_attribute_field` ENABLE KEYS */;
UNLOCK TABLES;

--
-- Table structure for table `core_connections_log`
--

DROP TABLE IF EXISTS `core_connections_log`;
/*!40101 SET @saved_cs_client     = @@character_set_client */;
/*!40101 SET character_set_client = utf8 */;
CREATE TABLE `core_connections_log` (
  `access_code` varchar(100) COLLATE utf8_unicode_ci DEFAULT NULL,
  `ip_address` varchar(63) COLLATE utf8_unicode_ci DEFAULT NULL,
  `date_login` timestamp NOT NULL DEFAULT CURRENT_TIMESTAMP,
  `login_status` int(11) DEFAULT NULL,
  KEY `index_connections_log` (`ip_address`,`date_login`)
) ENGINE=MyISAM DEFAULT CHARSET=utf8 COLLATE=utf8_unicode_ci;
/*!40101 SET character_set_client = @saved_cs_client */;

--
-- Dumping data for table `core_connections_log`
--

LOCK TABLES `core_connections_log` WRITE;
/*!40000 ALTER TABLE `core_connections_log` DISABLE KEYS */;
/*!40000 ALTER TABLE `core_connections_log` ENABLE KEYS */;
UNLOCK TABLES;

--
-- Table structure for table `core_dashboard`
--

DROP TABLE IF EXISTS `core_dashboard`;
/*!40101 SET @saved_cs_client     = @@character_set_client */;
/*!40101 SET character_set_client = utf8 */;
CREATE TABLE `core_dashboard` (
  `dashboard_name` varchar(100) COLLATE utf8_unicode_ci NOT NULL,
  `dashboard_column` int(11) NOT NULL,
  `dashboard_order` int(11) NOT NULL,
  PRIMARY KEY (`dashboard_name`)
) ENGINE=MyISAM DEFAULT CHARSET=utf8 COLLATE=utf8_unicode_ci;
/*!40101 SET character_set_client = @saved_cs_client */;

--
-- Dumping data for table `core_dashboard`
--

LOCK TABLES `core_dashboard` WRITE;
/*!40000 ALTER TABLE `core_dashboard` DISABLE KEYS */;
INSERT INTO `core_dashboard` VALUES ('CORE_SYSTEM',1,2),('CORE_USERS',1,1),('CORE_USER',4,1),('CORE_PAGES',2,1);
/*!40000 ALTER TABLE `core_dashboard` ENABLE KEYS */;
UNLOCK TABLES;

--
-- Table structure for table `core_datastore`
--

DROP TABLE IF EXISTS `core_datastore`;
/*!40101 SET @saved_cs_client     = @@character_set_client */;
/*!40101 SET character_set_client = utf8 */;
CREATE TABLE `core_datastore` (
  `entity_key` varchar(255) COLLATE utf8_unicode_ci NOT NULL,
  `entity_value` mediumtext COLLATE utf8_unicode_ci,
  PRIMARY KEY (`entity_key`)
) ENGINE=MyISAM DEFAULT CHARSET=utf8 COLLATE=utf8_unicode_ci;
/*!40101 SET character_set_client = @saved_cs_client */;

--
-- Dumping data for table `core_datastore`
--

LOCK TABLES `core_datastore` WRITE;
/*!40000 ALTER TABLE `core_datastore` DISABLE KEYS */;
INSERT INTO `core_datastore` VALUES ('core.advanced_parameters.password_duration','120'),('core.advanced_parameters.default_user_level','0'),('core.advanced_parameters.default_user_notification','1'),('core.advanced_parameters.default_user_language','fr'),('core.advanced_parameters.default_user_status','0'),('core.advanced_parameters.email_pattern','^[\\w_.\\-!\\#\\$\\%\\&\'\\*\\+\\/\\=\\?\\^\\`\\}\\{\\|\\~]+@[\\w_.\\-]+\\.[\\w]+$'),('core.advanced_parameters.email_pattern_verify_by',''),('core.advanced_parameters.force_change_password_reinit','false'),('core.advanced_parameters.password_minimum_length','8'),('core.advanced_parameters.password_format_upper_lower_case','false'),('core.advanced_parameters.password_format_numero','false'),('core.advanced_parameters.password_format_special_characters','false'),('core.advanced_parameters.password_history_size',''),('core.advanced_parameters.maximum_number_password_change',''),('core.advanced_parameters.tsw_size_password_change',''),('core.advanced_parameters.use_advanced_security_parameters',''),('core.advanced_parameters.account_life_time','12'),('core.advanced_parameters.time_before_alert_account','30'),('core.advanced_parameters.nb_alert_account','2'),('core.advanced_parameters.time_between_alerts_account','10'),('core.advanced_parameters.access_failures_max','3'),('core.advanced_parameters.access_failures_interval','10'),('core.advanced_parameters.expired_alert_mail_sender','lutece@nowhere.com'),('core.advanced_parameters.expired_alert_mail_subject','Votre compte a expiré'),('core.advanced_parameters.first_alert_mail_sender','lutece@nowhere.com'),('core.advanced_parameters.first_alert_mail_subject','Votre compte va bientôt expirer'),('core.advanced_parameters.other_alert_mail_sender','lutece@nowhere.com'),('core.advanced_parameters.other_alert_mail_subject','Votre compte va bientôt expirer'),('core.advanced_parameters.account_reactivated_mail_sender','lutece@nowhere.com'),('core.advanced_parameters.account_reactivated_mail_subject','Votre compte a bien été réactivé'),('core.advanced_parameters.access_failures_captcha','1'),('core.advanced_parameters.notify_user_password_expired',''),('core.advanced_parameters.password_expired_mail_sender','lutece@nowhere.com'),('core.advanced_parameters.password_expired_mail_subject','Votre mot de passe a expiré'),('core.advanced_parameters.reset_token_validity','60'),('core.advanced_parameters.lock_reset_token_to_session','false'),('core.backOffice.defaultEditor','tinymce'),('core.frontOffice.defaultEditor','markitupbbcode'),('core_banned_domain_names','yopmail.com'),('portal.site.site_property.name','LUTECE'),('portal.site.site_property.meta.author','<author>'),('portal.site.site_property.meta.copyright','<copyright>'),('portal.site.site_property.meta.description','<description>'),('portal.site.site_property.meta.keywords','<keywords>'),('portal.site.site_property.email','<webmaster email>'),('portal.site.site_property.noreply_email','no-reply@mydomain.com'),('portal.site.site_property.home_url','jsp/site/Portal.jsp'),('portal.site.site_property.admin_home_url','jsp/admin/AdminMenu.jsp'),('portal.site.site_property.popup_credits.textblock','&lt;credits text&gt;'),('portal.site.site_property.popup_legal_info.copyright.textblock','&lt;copyright text&gt;'),('portal.site.site_property.popup_legal_info.privacy.textblock','&lt;privacy text&gt;'),('portal.site.site_property.logo_url','images/logo-header-icon.png'),('portal.site.site_property.menu.position','top'),('portal.site.site_property.locale.default','fr'),('portal.site.site_property.avatar_default','images/admin/skin/unknown.png'),('portal.site.site_property.back_images','\'images/admin/skin/bg_login1.jpg\' , \'images/admin/skin/bg_login2.jpg\' , \'images/admin/skin/bg_login3.jpg\' , \'images/admin/skin/bg_login4.jpg\''),('core.cache.status.PageCachingFilter.enabled','0'),('core.cache.status.LuteceUserCacheService.enabled','1'),('core.cache.status.StaticFilesCachingFilter.enabled','1'),('core.cache.status.PageCacheService.enabled','1'),('core.cache.status.MailAttachmentCacheService.overflowToDisk','true'),('core.cache.status.PortletCacheService.enabled','0'),('core.cache.status.LuteceUserCacheService.maxElementsInMemory','1000'),('core.cache.status.MailAttachmentCacheService.enabled','1'),('core.cache.status.PortalMenuService.enabled','1'),('core.cache.status.StaticFilesCachingFilter.timeToLiveSeconds','604800'),('core.cache.status.MailAttachmentCacheService.diskPersistent','true'),('core.cache.status.BaseUserPreferencesCacheService.maxElementsInMemory','1000'),('core.cache.status.MyPortalWidgetContentService.enabled','1'),('core.cache.status.MailAttachmentCacheService.timeToLiveSeconds','7200'),('core.cache.status.MailAttachmentCacheService.maxElementsInMemory','10'),('core.cache.status.pathCacheService.enabled','1'),('core.cache.status.MyPortalWidgetService.enabled','1'),('core.cache.status.LinksIncludeCacheService.enabled','1'),('core.cache.status.SiteMapService.enabled','1'),('core.cache.status.BaseUserPreferencesCacheService.enabled','1'),('core.plugins.status.core_extensions.installed','true'),('core.plugins.status.lucene.installed','true'),('core.daemon.indexer.interval','300'),('core.daemon.indexer.onStartUp','true'),('core.daemon.mailSender.interval','86400'),('core.daemon.mailSender.onStartUp','true'),('core.daemon.anonymizationDaemon.interval','86400'),('core.daemon.anonymizationDaemon.onStartUp','false'),('core.daemon.accountLifeTimeDaemon.interval','86400'),('core.daemon.accountLifeTimeDaemon.onStartUp','true'),('core.daemon.threadLauncherDaemon.interval','86400'),('core.daemon.threadLauncherDaemon.onStartUp','true'),('core.templates.currentCommonsInclude','default'),('core.startup.time','18 mai 2020 17:36:13'),('core.cache.status.DatastoreCacheService.enabled','0'),('core.plugins.status.hatest.installed','true'),('core.plugins.status.hatest.pool','portal'),('core.plugins.status.rest.installed','true'),('core.cache.status.PageCachingFilter(CAUTION:NEVERUSEWITHUSERDYNAMICDATA).enabled','0');
/*!40000 ALTER TABLE `core_datastore` ENABLE KEYS */;
UNLOCK TABLES;

--
-- Table structure for table `core_feature_group`
--

DROP TABLE IF EXISTS `core_feature_group`;
/*!40101 SET @saved_cs_client     = @@character_set_client */;
/*!40101 SET character_set_client = utf8 */;
CREATE TABLE `core_feature_group` (
  `id_feature_group` varchar(50) COLLATE utf8_unicode_ci NOT NULL DEFAULT '',
  `feature_group_description` varchar(255) COLLATE utf8_unicode_ci DEFAULT NULL,
  `feature_group_label` varchar(100) COLLATE utf8_unicode_ci DEFAULT NULL,
  `feature_group_order` int(11) DEFAULT NULL,
  PRIMARY KEY (`id_feature_group`)
) ENGINE=MyISAM DEFAULT CHARSET=utf8 COLLATE=utf8_unicode_ci;
/*!40101 SET character_set_client = @saved_cs_client */;

--
-- Dumping data for table `core_feature_group`
--

LOCK TABLES `core_feature_group` WRITE;
/*!40000 ALTER TABLE `core_feature_group` DISABLE KEYS */;
INSERT INTO `core_feature_group` VALUES ('CONTENT','portal.features.group.content.description','portal.features.group.content.label',1),('APPLICATIONS','portal.features.group.applications.description','portal.features.group.applications.label',3),('SYSTEM','portal.features.group.system.description','portal.features.group.system.label',7),('SITE','portal.features.group.site.description','portal.features.group.site.label',2),('STYLE','portal.features.group.charter.description','portal.features.group.charter.label',6),('USERS','portal.features.group.users.description','portal.features.group.users.label',4),('MANAGERS','portal.features.group.managers.description','portal.features.group.managers.label',5);
/*!40000 ALTER TABLE `core_feature_group` ENABLE KEYS */;
UNLOCK TABLES;

--
-- Table structure for table `core_file`
--

DROP TABLE IF EXISTS `core_file`;
/*!40101 SET @saved_cs_client     = @@character_set_client */;
/*!40101 SET character_set_client = utf8 */;
CREATE TABLE `core_file` (
  `id_file` int(11) NOT NULL AUTO_INCREMENT,
  `title` mediumtext COLLATE utf8_unicode_ci,
  `id_physical_file` int(11) DEFAULT NULL,
  `file_size` int(11) DEFAULT NULL,
  `mime_type` varchar(255) COLLATE utf8_unicode_ci DEFAULT NULL,
  `date_creation` timestamp NULL DEFAULT NULL,
  PRIMARY KEY (`id_file`)
) ENGINE=MyISAM AUTO_INCREMENT=127 DEFAULT CHARSET=utf8 COLLATE=utf8_unicode_ci;
/*!40101 SET character_set_client = @saved_cs_client */;

--
-- Dumping data for table `core_file`
--

LOCK TABLES `core_file` WRITE;
/*!40000 ALTER TABLE `core_file` DISABLE KEYS */;
INSERT INTO `core_file` VALUES (125,'export_users_csv.xml',125,2523,'application/xml','2005-10-10 08:10:10'),(126,'export_users_xml.xml',126,259,'application/xml','2005-10-10 08:10:10');
/*!40000 ALTER TABLE `core_file` ENABLE KEYS */;
UNLOCK TABLES;

--
-- Table structure for table `core_id_generator`
--

DROP TABLE IF EXISTS `core_id_generator`;
/*!40101 SET @saved_cs_client     = @@character_set_client */;
/*!40101 SET character_set_client = utf8 */;
CREATE TABLE `core_id_generator` (
  `class_name` varchar(250) COLLATE utf8_unicode_ci NOT NULL DEFAULT '',
  `current_value` int(11) NOT NULL DEFAULT '0',
  PRIMARY KEY (`class_name`)
) ENGINE=MyISAM DEFAULT CHARSET=utf8 COLLATE=utf8_unicode_ci;
/*!40101 SET character_set_client = @saved_cs_client */;

--
-- Dumping data for table `core_id_generator`
--

LOCK TABLES `core_id_generator` WRITE;
/*!40000 ALTER TABLE `core_id_generator` DISABLE KEYS */;
/*!40000 ALTER TABLE `core_id_generator` ENABLE KEYS */;
UNLOCK TABLES;

--
-- Table structure for table `core_indexer_action`
--

DROP TABLE IF EXISTS `core_indexer_action`;
/*!40101 SET @saved_cs_client     = @@character_set_client */;
/*!40101 SET character_set_client = utf8 */;
CREATE TABLE `core_indexer_action` (
  `id_action` int(11) NOT NULL AUTO_INCREMENT,
  `id_document` varchar(255) COLLATE utf8_unicode_ci NOT NULL,
  `id_task` int(11) NOT NULL DEFAULT '0',
  `indexer_name` varchar(255) COLLATE utf8_unicode_ci NOT NULL,
  `id_portlet` int(11) NOT NULL DEFAULT '0',
  PRIMARY KEY (`id_action`)
) ENGINE=MyISAM DEFAULT CHARSET=utf8 COLLATE=utf8_unicode_ci;
/*!40101 SET character_set_client = @saved_cs_client */;

--
-- Dumping data for table `core_indexer_action`
--

LOCK TABLES `core_indexer_action` WRITE;
/*!40000 ALTER TABLE `core_indexer_action` DISABLE KEYS */;
/*!40000 ALTER TABLE `core_indexer_action` ENABLE KEYS */;
UNLOCK TABLES;

--
-- Table structure for table `core_level_right`
--

DROP TABLE IF EXISTS `core_level_right`;
/*!40101 SET @saved_cs_client     = @@character_set_client */;
/*!40101 SET character_set_client = utf8 */;
CREATE TABLE `core_level_right` (
  `id_level` smallint(6) NOT NULL DEFAULT '0',
  `name` varchar(80) COLLATE utf8_unicode_ci DEFAULT NULL,
  PRIMARY KEY (`id_level`)
) ENGINE=MyISAM DEFAULT CHARSET=utf8 COLLATE=utf8_unicode_ci;
/*!40101 SET character_set_client = @saved_cs_client */;

--
-- Dumping data for table `core_level_right`
--

LOCK TABLES `core_level_right` WRITE;
/*!40000 ALTER TABLE `core_level_right` DISABLE KEYS */;
INSERT INTO `core_level_right` VALUES (0,'Level 0 - Technical administrator'),(1,'Level 1 - Fonctionnal administrator'),(2,'Level 2 - Site Manager - Webmaster'),(3,'Level 3 - Contributor');
/*!40000 ALTER TABLE `core_level_right` ENABLE KEYS */;
UNLOCK TABLES;

--
-- Table structure for table `core_mail_item`
--

DROP TABLE IF EXISTS `core_mail_item`;
/*!40101 SET @saved_cs_client     = @@character_set_client */;
/*!40101 SET character_set_client = utf8 */;
CREATE TABLE `core_mail_item` (
  `id_mail_queue` int(11) NOT NULL DEFAULT '0',
  `mail_item` mediumblob,
  PRIMARY KEY (`id_mail_queue`)
) ENGINE=MyISAM DEFAULT CHARSET=utf8 COLLATE=utf8_unicode_ci;
/*!40101 SET character_set_client = @saved_cs_client */;

--
-- Dumping data for table `core_mail_item`
--

LOCK TABLES `core_mail_item` WRITE;
/*!40000 ALTER TABLE `core_mail_item` DISABLE KEYS */;
/*!40000 ALTER TABLE `core_mail_item` ENABLE KEYS */;
UNLOCK TABLES;

--
-- Table structure for table `core_mail_queue`
--

DROP TABLE IF EXISTS `core_mail_queue`;
/*!40101 SET @saved_cs_client     = @@character_set_client */;
/*!40101 SET character_set_client = utf8 */;
CREATE TABLE `core_mail_queue` (
  `id_mail_queue` int(11) NOT NULL AUTO_INCREMENT,
  `is_locked` smallint(6) DEFAULT '0',
  PRIMARY KEY (`id_mail_queue`),
  KEY `is_locked_core_mail_queue` (`is_locked`)
) ENGINE=MyISAM DEFAULT CHARSET=utf8 COLLATE=utf8_unicode_ci;
/*!40101 SET character_set_client = @saved_cs_client */;

--
-- Dumping data for table `core_mail_queue`
--

LOCK TABLES `core_mail_queue` WRITE;
/*!40000 ALTER TABLE `core_mail_queue` DISABLE KEYS */;
/*!40000 ALTER TABLE `core_mail_queue` ENABLE KEYS */;
UNLOCK TABLES;

--
-- Table structure for table `core_mode`
--

DROP TABLE IF EXISTS `core_mode`;
/*!40101 SET @saved_cs_client     = @@character_set_client */;
/*!40101 SET character_set_client = utf8 */;
CREATE TABLE `core_mode` (
  `id_mode` int(11) NOT NULL DEFAULT '0',
  `description_mode` varchar(255) COLLATE utf8_unicode_ci DEFAULT NULL,
  `path` varchar(50) COLLATE utf8_unicode_ci NOT NULL DEFAULT '',
  `output_xsl_method` varchar(50) COLLATE utf8_unicode_ci DEFAULT NULL,
  `output_xsl_version` varchar(50) COLLATE utf8_unicode_ci DEFAULT NULL,
  `output_xsl_media_type` varchar(50) COLLATE utf8_unicode_ci DEFAULT NULL,
  `output_xsl_encoding` varchar(50) COLLATE utf8_unicode_ci DEFAULT NULL,
  `output_xsl_indent` varchar(50) COLLATE utf8_unicode_ci DEFAULT NULL,
  `output_xsl_omit_xml_dec` varchar(50) COLLATE utf8_unicode_ci DEFAULT NULL,
  `output_xsl_standalone` varchar(50) COLLATE utf8_unicode_ci DEFAULT NULL,
  PRIMARY KEY (`id_mode`)
) ENGINE=MyISAM DEFAULT CHARSET=utf8 COLLATE=utf8_unicode_ci;
/*!40101 SET character_set_client = @saved_cs_client */;

--
-- Dumping data for table `core_mode`
--

LOCK TABLES `core_mode` WRITE;
/*!40000 ALTER TABLE `core_mode` DISABLE KEYS */;
INSERT INTO `core_mode` VALUES (0,'Normal','normal/','xml','1.0','text/xml','UTF-8','yes','yes','yes'),(1,'Administration','admin/','xml','1.0','text/xml','UTF-8','yes','yes','yes'),(2,'Wap','wml/','xml','1.0','text/xml','UTF-8','yes','yes','yes');
/*!40000 ALTER TABLE `core_mode` ENABLE KEYS */;
UNLOCK TABLES;

--
-- Table structure for table `core_page`
--

DROP TABLE IF EXISTS `core_page`;
/*!40101 SET @saved_cs_client     = @@character_set_client */;
/*!40101 SET character_set_client = utf8 */;
CREATE TABLE `core_page` (
  `id_page` int(11) NOT NULL AUTO_INCREMENT,
  `id_parent` int(11) DEFAULT '0',
  `name` varchar(50) COLLATE utf8_unicode_ci NOT NULL DEFAULT '',
  `description` mediumtext COLLATE utf8_unicode_ci,
  `date_update` timestamp NOT NULL DEFAULT CURRENT_TIMESTAMP,
  `status` smallint(6) DEFAULT NULL,
  `page_order` int(11) DEFAULT '0',
  `id_template` int(11) DEFAULT NULL,
  `date_creation` timestamp NULL DEFAULT NULL,
  `role` varchar(50) COLLATE utf8_unicode_ci DEFAULT NULL,
  `code_theme` varchar(80) COLLATE utf8_unicode_ci DEFAULT NULL,
  `node_status` smallint(6) NOT NULL DEFAULT '1',
  `image_content` mediumblob,
  `mime_type` varchar(255) COLLATE utf8_unicode_ci DEFAULT 'NULL',
  `meta_keywords` varchar(255) COLLATE utf8_unicode_ci DEFAULT NULL,
  `meta_description` varchar(255) COLLATE utf8_unicode_ci DEFAULT NULL,
  `id_authorization_node` int(11) DEFAULT NULL,
  `display_date_update` smallint(6) NOT NULL DEFAULT '0',
  `is_manual_date_update` smallint(6) NOT NULL DEFAULT '0',
  PRIMARY KEY (`id_page`),
  KEY `index_page` (`id_template`,`id_parent`),
  KEY `index_childpage` (`id_parent`,`page_order`)
) ENGINE=MyISAM AUTO_INCREMENT=3 DEFAULT CHARSET=utf8 COLLATE=utf8_unicode_ci;
/*!40101 SET character_set_client = @saved_cs_client */;

--
-- Dumping data for table `core_page`
--

LOCK TABLES `core_page` WRITE;
/*!40000 ALTER TABLE `core_page` DISABLE KEYS */;
INSERT INTO `core_page` VALUES (1,0,'Home','Home Page','2014-06-08 15:20:44',1,1,4,'2003-09-08 22:38:01','none','default',0,'','application/octet-stream',NULL,NULL,1,0,0),(2,1,'Page 1','A child page','2014-06-08 16:23:42',0,1,2,'2014-06-08 16:23:42','none','default',1,NULL,'application/octet-stream',NULL,NULL,1,0,0);
/*!40000 ALTER TABLE `core_page` ENABLE KEYS */;
UNLOCK TABLES;

--
-- Table structure for table `core_page_template`
--

DROP TABLE IF EXISTS `core_page_template`;
/*!40101 SET @saved_cs_client     = @@character_set_client */;
/*!40101 SET character_set_client = utf8 */;
CREATE TABLE `core_page_template` (
  `id_template` int(11) NOT NULL AUTO_INCREMENT,
  `description` varchar(50) COLLATE utf8_unicode_ci DEFAULT NULL,
  `file_name` varchar(100) COLLATE utf8_unicode_ci DEFAULT NULL,
  `picture` varchar(50) COLLATE utf8_unicode_ci DEFAULT NULL,
  PRIMARY KEY (`id_template`)
) ENGINE=MyISAM AUTO_INCREMENT=7 DEFAULT CHARSET=utf8 COLLATE=utf8_unicode_ci;
/*!40101 SET character_set_client = @saved_cs_client */;

--
-- Dumping data for table `core_page_template`
--

LOCK TABLES `core_page_template` WRITE;
/*!40000 ALTER TABLE `core_page_template` DISABLE KEYS */;
INSERT INTO `core_page_template` VALUES (1,'One column','skin/site/page_template1.html','page_template1.gif'),(2,'Two columns','skin/site/page_template2.html','page_template2.gif'),(3,'Three columns','skin/site/page_template3.html','page_template3.gif'),(4,'1 + 2 columns','skin/site/page_template4.html','page_template4.gif'),(5,'Two equal columns','skin/site/page_template5.html','page_template5.gif'),(6,'Three unequal columns','skin/site/page_template6.html','page_template6.gif');
/*!40000 ALTER TABLE `core_page_template` ENABLE KEYS */;
UNLOCK TABLES;

--
-- Table structure for table `core_physical_file`
--

DROP TABLE IF EXISTS `core_physical_file`;
/*!40101 SET @saved_cs_client     = @@character_set_client */;
/*!40101 SET character_set_client = utf8 */;
CREATE TABLE `core_physical_file` (
  `id_physical_file` int(11) NOT NULL AUTO_INCREMENT,
  `file_value` mediumblob,
  PRIMARY KEY (`id_physical_file`)
) ENGINE=MyISAM AUTO_INCREMENT=127 DEFAULT CHARSET=utf8 COLLATE=utf8_unicode_ci;
/*!40101 SET character_set_client = @saved_cs_client */;

--
-- Dumping data for table `core_physical_file`
--

LOCK TABLES `core_physical_file` WRITE;
/*!40000 ALTER TABLE `core_physical_file` DISABLE KEYS */;
INSERT INTO `core_physical_file` VALUES (125,'<?xml version=\"1.0\"?>\r\n<xsl:stylesheet version=\"1.0\" xmlns:xsl=\"http://www.w3.org/1999/XSL/Transform\">\r\n	<xsl:output method=\"text\"/>\r\n	\r\n	<xsl:template match=\"users\">\r\n		<xsl:apply-templates select=\"user\" />\r\n	</xsl:template>\r\n	\r\n	<xsl:template match=\"user\">\r\n		<xsl:text>\"</xsl:text>\r\n		<xsl:value-of select=\"access_code\" />\r\n		<xsl:text>\";\"</xsl:text>\r\n		<xsl:value-of select=\"last_name\" />\r\n		<xsl:text>\";\"</xsl:text>\r\n		<xsl:value-of select=\"first_name\" />\r\n		<xsl:text>\";\"</xsl:text>\r\n		<xsl:value-of select=\"email\" />\r\n		<xsl:text>\";\"</xsl:text>\r\n		<xsl:value-of select=\"status\" />\r\n		<xsl:text>\";\"</xsl:text>\r\n		<xsl:value-of select=\"locale\" />\r\n		<xsl:text>\";\"</xsl:text>\r\n		<xsl:value-of select=\"level\" />\r\n		<xsl:text>\";\"</xsl:text>\r\n		<xsl:value-of select=\"must_change_password\" />\r\n		<xsl:text>\";\"</xsl:text>\r\n		<xsl:value-of select=\"accessibility_mode\" />\r\n		<xsl:text>\";\"</xsl:text>\r\n		<xsl:value-of select=\"password_max_valid_date\" />\r\n		<xsl:text>\";\"</xsl:text>\r\n		<xsl:value-of select=\"account_max_valid_date\" />\r\n		<xsl:text>\";\"</xsl:text>\r\n		<xsl:value-of select=\"date_last_login\" />\r\n		<xsl:text>\"</xsl:text>\r\n		<xsl:apply-templates select=\"roles\" />\r\n		<xsl:apply-templates select=\"rights\" />\r\n		<xsl:apply-templates select=\"workgroups\" />\r\n		<xsl:apply-templates select=\"attributes\" />\r\n		<xsl:text>&#10;</xsl:text>\r\n	</xsl:template>\r\n	\r\n	<xsl:template match=\"roles\">\r\n		<xsl:apply-templates select=\"role\" />\r\n	</xsl:template>\r\n	\r\n	<xsl:template match=\"role\">\r\n		<xsl:text>;\"role:</xsl:text>\r\n		<xsl:value-of select=\"current()\" />\r\n		<xsl:text>\"</xsl:text>\r\n	</xsl:template>\r\n	\r\n	<xsl:template match=\"rights\">\r\n		<xsl:apply-templates select=\"right\" />\r\n	</xsl:template>\r\n	\r\n	<xsl:template match=\"right\">\r\n		<xsl:text>;\"right:</xsl:text>\r\n		<xsl:value-of select=\"current()\" />\r\n		<xsl:text>\"</xsl:text>\r\n	</xsl:template>\r\n	\r\n	<xsl:template match=\"workgroups\">\r\n		<xsl:apply-templates select=\"workgroup\" />\r\n	</xsl:template>\r\n	\r\n	<xsl:template match=\"workgroup\">\r\n		<xsl:text>;\"workgroup:</xsl:text>\r\n		<xsl:value-of select=\"current()\" />\r\n		<xsl:text>\"</xsl:text>\r\n	</xsl:template>\r\n	\r\n	<xsl:template match=\"attributes\">\r\n		<xsl:apply-templates select=\"attribute\" />\r\n	</xsl:template>\r\n	\r\n	<xsl:template match=\"attribute\">\r\n		<xsl:text>;\"</xsl:text>\r\n		<xsl:value-of select=\"attribute-id\" />\r\n		<xsl:text>:</xsl:text>\r\n		<xsl:value-of select=\"attribute-field-id\" />\r\n		<xsl:text>:</xsl:text>\r\n		<xsl:value-of select=\"attribute-value\" />\r\n		<xsl:text>\"</xsl:text>\r\n	</xsl:template>\r\n	\r\n</xsl:stylesheet>'),(126,'<?xml version=\"1.0\" ?>\r\n<xsl:stylesheet version=\"1.0\" xmlns:xsl=\"http://www.w3.org/1999/XSL/Transform\">\r\n	<xsl:template match=\"/ | @* | node()\">\r\n		<xsl:copy>\r\n			<xsl:apply-templates select=\"@* | node()\" />\r\n		</xsl:copy>\r\n	</xsl:template>\r\n</xsl:stylesheet>');
/*!40000 ALTER TABLE `core_physical_file` ENABLE KEYS */;
UNLOCK TABLES;

--
-- Table structure for table `core_portal_component`
--

DROP TABLE IF EXISTS `core_portal_component`;
/*!40101 SET @saved_cs_client     = @@character_set_client */;
/*!40101 SET character_set_client = utf8 */;
CREATE TABLE `core_portal_component` (
  `id_portal_component` int(11) NOT NULL DEFAULT '0',
  `name` varchar(50) COLLATE utf8_unicode_ci DEFAULT NULL,
  PRIMARY KEY (`id_portal_component`)
) ENGINE=MyISAM DEFAULT CHARSET=utf8 COLLATE=utf8_unicode_ci;
/*!40101 SET character_set_client = @saved_cs_client */;

--
-- Dumping data for table `core_portal_component`
--

LOCK TABLES `core_portal_component` WRITE;
/*!40000 ALTER TABLE `core_portal_component` DISABLE KEYS */;
INSERT INTO `core_portal_component` VALUES (0,'Porlet'),(1,'Article'),(2,'Article List Portlet'),(3,'Menu Init'),(4,'Main Menu'),(5,'Breadcrum'),(6,'Site Map'),(7,'Tree View'),(8,'Site Map (Admin mode)');
/*!40000 ALTER TABLE `core_portal_component` ENABLE KEYS */;
UNLOCK TABLES;

--
-- Table structure for table `core_portlet`
--

DROP TABLE IF EXISTS `core_portlet`;
/*!40101 SET @saved_cs_client     = @@character_set_client */;
/*!40101 SET character_set_client = utf8 */;
CREATE TABLE `core_portlet` (
  `id_portlet` int(11) NOT NULL AUTO_INCREMENT,
  `id_portlet_type` varchar(50) COLLATE utf8_unicode_ci DEFAULT NULL,
  `id_page` int(11) DEFAULT NULL,
  `name` varchar(70) COLLATE utf8_unicode_ci DEFAULT NULL,
  `date_update` timestamp NOT NULL DEFAULT CURRENT_TIMESTAMP,
  `status` smallint(6) NOT NULL DEFAULT '0',
  `portlet_order` int(11) DEFAULT NULL,
  `column_no` int(11) DEFAULT NULL,
  `id_style` int(11) DEFAULT NULL,
  `accept_alias` smallint(6) DEFAULT NULL,
  `date_creation` timestamp NULL DEFAULT NULL,
  `display_portlet_title` int(11) NOT NULL DEFAULT '0',
  `role` varchar(50) COLLATE utf8_unicode_ci DEFAULT NULL,
  `device_display_flags` int(11) NOT NULL DEFAULT '15',
  PRIMARY KEY (`id_portlet`),
  KEY `index_portlet` (`id_page`,`id_portlet_type`,`id_style`)
) ENGINE=MyISAM DEFAULT CHARSET=utf8 COLLATE=utf8_unicode_ci;
/*!40101 SET character_set_client = @saved_cs_client */;

--
-- Dumping data for table `core_portlet`
--

LOCK TABLES `core_portlet` WRITE;
/*!40000 ALTER TABLE `core_portlet` DISABLE KEYS */;
/*!40000 ALTER TABLE `core_portlet` ENABLE KEYS */;
UNLOCK TABLES;

--
-- Table structure for table `core_portlet_alias`
--

DROP TABLE IF EXISTS `core_portlet_alias`;
/*!40101 SET @saved_cs_client     = @@character_set_client */;
/*!40101 SET character_set_client = utf8 */;
CREATE TABLE `core_portlet_alias` (
  `id_portlet` int(11) NOT NULL DEFAULT '0',
  `id_alias` int(11) NOT NULL DEFAULT '0',
  PRIMARY KEY (`id_portlet`,`id_alias`)
) ENGINE=MyISAM DEFAULT CHARSET=utf8 COLLATE=utf8_unicode_ci;
/*!40101 SET character_set_client = @saved_cs_client */;

--
-- Dumping data for table `core_portlet_alias`
--

LOCK TABLES `core_portlet_alias` WRITE;
/*!40000 ALTER TABLE `core_portlet_alias` DISABLE KEYS */;
/*!40000 ALTER TABLE `core_portlet_alias` ENABLE KEYS */;
UNLOCK TABLES;

--
-- Table structure for table `core_portlet_type`
--

DROP TABLE IF EXISTS `core_portlet_type`;
/*!40101 SET @saved_cs_client     = @@character_set_client */;
/*!40101 SET character_set_client = utf8 */;
CREATE TABLE `core_portlet_type` (
  `id_portlet_type` varchar(50) COLLATE utf8_unicode_ci NOT NULL DEFAULT '0',
  `name` varchar(255) COLLATE utf8_unicode_ci DEFAULT NULL,
  `url_creation` varchar(255) COLLATE utf8_unicode_ci DEFAULT NULL,
  `url_update` varchar(255) COLLATE utf8_unicode_ci DEFAULT NULL,
  `home_class` varchar(255) COLLATE utf8_unicode_ci DEFAULT NULL,
  `plugin_name` varchar(50) COLLATE utf8_unicode_ci DEFAULT NULL,
  `url_docreate` varchar(255) COLLATE utf8_unicode_ci DEFAULT NULL,
  `create_script` varchar(255) COLLATE utf8_unicode_ci DEFAULT NULL,
  `create_specific` varchar(255) COLLATE utf8_unicode_ci DEFAULT NULL,
  `create_specific_form` varchar(255) COLLATE utf8_unicode_ci DEFAULT NULL,
  `url_domodify` varchar(255) COLLATE utf8_unicode_ci DEFAULT NULL,
  `modify_script` varchar(255) COLLATE utf8_unicode_ci DEFAULT NULL,
  `modify_specific` varchar(255) COLLATE utf8_unicode_ci DEFAULT NULL,
  `modify_specific_form` varchar(255) COLLATE utf8_unicode_ci DEFAULT NULL,
  PRIMARY KEY (`id_portlet_type`)
) ENGINE=MyISAM DEFAULT CHARSET=utf8 COLLATE=utf8_unicode_ci;
/*!40101 SET character_set_client = @saved_cs_client */;

--
-- Dumping data for table `core_portlet_type`
--

LOCK TABLES `core_portlet_type` WRITE;
/*!40000 ALTER TABLE `core_portlet_type` DISABLE KEYS */;
INSERT INTO `core_portlet_type` VALUES ('ALIAS_PORTLET','portal.site.portletAlias.name','plugins/alias/CreatePortletAlias.jsp','plugins/alias/ModifyPortletAlias.jsp','fr.paris.lutece.portal.business.portlet.AliasPortletHome','alias','plugins/alias/DoCreatePortletAlias.jsp','/admin/portlet/script_create_portlet.html','/admin/portlet/alias/create_portlet_alias.html','','plugins/alias/DoModifyPortletAlias.jsp','/admin/portlet/script_modify_portlet.html','/admin/portlet/alias/modify_portlet_alias.html','');
/*!40000 ALTER TABLE `core_portlet_type` ENABLE KEYS */;
UNLOCK TABLES;

--
-- Table structure for table `core_role`
--

DROP TABLE IF EXISTS `core_role`;
/*!40101 SET @saved_cs_client     = @@character_set_client */;
/*!40101 SET character_set_client = utf8 */;
CREATE TABLE `core_role` (
  `role` varchar(50) COLLATE utf8_unicode_ci NOT NULL DEFAULT '',
  `role_description` varchar(255) COLLATE utf8_unicode_ci DEFAULT NULL,
  `workgroup_key` varchar(50) COLLATE utf8_unicode_ci NOT NULL DEFAULT '',
  PRIMARY KEY (`role`)
) ENGINE=MyISAM DEFAULT CHARSET=utf8 COLLATE=utf8_unicode_ci;
/*!40101 SET character_set_client = @saved_cs_client */;

--
-- Dumping data for table `core_role`
--

LOCK TABLES `core_role` WRITE;
/*!40000 ALTER TABLE `core_role` DISABLE KEYS */;
/*!40000 ALTER TABLE `core_role` ENABLE KEYS */;
UNLOCK TABLES;

--
-- Table structure for table `core_search_parameter`
--

DROP TABLE IF EXISTS `core_search_parameter`;
/*!40101 SET @saved_cs_client     = @@character_set_client */;
/*!40101 SET character_set_client = utf8 */;
CREATE TABLE `core_search_parameter` (
  `parameter_key` varchar(100) COLLATE utf8_unicode_ci NOT NULL,
  `parameter_value` mediumtext COLLATE utf8_unicode_ci,
  PRIMARY KEY (`parameter_key`)
) ENGINE=MyISAM DEFAULT CHARSET=utf8 COLLATE=utf8_unicode_ci;
/*!40101 SET character_set_client = @saved_cs_client */;

--
-- Dumping data for table `core_search_parameter`
--

LOCK TABLES `core_search_parameter` WRITE;
/*!40000 ALTER TABLE `core_search_parameter` DISABLE KEYS */;
INSERT INTO `core_search_parameter` VALUES ('type_filter','none'),('default_operator','OR'),('help_message','Message d aide pour la recherche'),('date_filter','0'),('tag_filter','0'),('taglist',NULL);
/*!40000 ALTER TABLE `core_search_parameter` ENABLE KEYS */;
UNLOCK TABLES;

--
-- Table structure for table `core_style`
--

DROP TABLE IF EXISTS `core_style`;
/*!40101 SET @saved_cs_client     = @@character_set_client */;
/*!40101 SET character_set_client = utf8 */;
CREATE TABLE `core_style` (
  `id_style` int(11) NOT NULL DEFAULT '0',
  `description_style` varchar(100) COLLATE utf8_unicode_ci NOT NULL DEFAULT '',
  `id_portlet_type` varchar(50) COLLATE utf8_unicode_ci DEFAULT NULL,
  `id_portal_component` int(11) NOT NULL DEFAULT '0',
  PRIMARY KEY (`id_style`),
  KEY `index_style` (`id_portlet_type`)
) ENGINE=MyISAM DEFAULT CHARSET=utf8 COLLATE=utf8_unicode_ci;
/*!40101 SET character_set_client = @saved_cs_client */;

--
-- Dumping data for table `core_style`
--

LOCK TABLES `core_style` WRITE;
/*!40000 ALTER TABLE `core_style` DISABLE KEYS */;
INSERT INTO `core_style` VALUES (3,'Menu Init','',3),(4,'Main Menu','',4),(5,'Breadcrum','',5),(6,'Site Map','',6),(7,'Tree View','',7),(8,'Site Map (Admin mode)',NULL,8);
/*!40000 ALTER TABLE `core_style` ENABLE KEYS */;
UNLOCK TABLES;

--
-- Table structure for table `core_style_mode_stylesheet`
--

DROP TABLE IF EXISTS `core_style_mode_stylesheet`;
/*!40101 SET @saved_cs_client     = @@character_set_client */;
/*!40101 SET character_set_client = utf8 */;
CREATE TABLE `core_style_mode_stylesheet` (
  `id_style` int(11) NOT NULL DEFAULT '0',
  `id_mode` int(11) NOT NULL DEFAULT '0',
  `id_stylesheet` int(11) NOT NULL DEFAULT '0',
  PRIMARY KEY (`id_style`,`id_mode`,`id_stylesheet`),
  KEY `index_style_mode_stylesheet` (`id_stylesheet`,`id_mode`)
) ENGINE=MyISAM DEFAULT CHARSET=utf8 COLLATE=utf8_unicode_ci;
/*!40101 SET character_set_client = @saved_cs_client */;

--
-- Dumping data for table `core_style_mode_stylesheet`
--

LOCK TABLES `core_style_mode_stylesheet` WRITE;
/*!40000 ALTER TABLE `core_style_mode_stylesheet` DISABLE KEYS */;
INSERT INTO `core_style_mode_stylesheet` VALUES (3,0,211),(4,0,213),(5,0,215),(6,0,217),(7,0,253),(8,1,279);
/*!40000 ALTER TABLE `core_style_mode_stylesheet` ENABLE KEYS */;
UNLOCK TABLES;

--
-- Table structure for table `core_stylesheet`
--

DROP TABLE IF EXISTS `core_stylesheet`;
/*!40101 SET @saved_cs_client     = @@character_set_client */;
/*!40101 SET character_set_client = utf8 */;
CREATE TABLE `core_stylesheet` (
  `id_stylesheet` int(11) NOT NULL AUTO_INCREMENT,
  `description` varchar(255) COLLATE utf8_unicode_ci DEFAULT NULL,
  `file_name` varchar(255) COLLATE utf8_unicode_ci DEFAULT NULL,
  `source` mediumblob,
  PRIMARY KEY (`id_stylesheet`)
) ENGINE=MyISAM AUTO_INCREMENT=280 DEFAULT CHARSET=utf8 COLLATE=utf8_unicode_ci;
/*!40101 SET character_set_client = @saved_cs_client */;

--
-- Dumping data for table `core_stylesheet`
--

LOCK TABLES `core_stylesheet` WRITE;
/*!40000 ALTER TABLE `core_stylesheet` DISABLE KEYS */;
INSERT INTO `core_stylesheet` VALUES (253,'Child Pages - Tree View','menu_tree.xsl','<?xml version=\"1.0\"?>\r\n<xsl:stylesheet version=\"1.0\" xmlns:xsl=\"http://www.w3.org/1999/XSL/Transform\">\r\n\r\n<xsl:param name=\"site-path\" select=\"site-path\" />\r\n\r\n<xsl:template match=\"menu-list\">\r\n	<xsl:variable name=\"menu-list\" select=\"menu\" />\r\n\r\n	<script type=\"text/javascript\">\r\n		$(document).ready(function(){\r\n			$(\"#tree\").treeview({\r\n				animated: \"fast\",\r\n				collapsed: false,\r\n				unique: true,\r\n				persist: \"cookie\"\r\n			});\r\n		\r\n		});\r\n	</script>    \r\n	\r\n	<!-- Menu Tree -->      \r\n	<xsl:if test=\"not(string(menu)=\'\')\">\r\n	    <xsl:text disable-output-escaping=\"yes\">		    \r\n            <div class=\"tree4\">		\r\n			<h2>&#160;</h2>\r\n			<ul id=\"tree\" class=\"tree4\">\r\n                <xsl:apply-templates select=\"menu\" />        \r\n			</ul>	\r\n			</div>\r\n		 	 <br />\r\n		</xsl:text> \r\n	</xsl:if>\r\n</xsl:template>\r\n\r\n\r\n<xsl:template match=\"menu\">\r\n    <xsl:variable name=\"index\">\r\n    	<xsl:number level=\"single\" value=\"position()\" />\r\n    </xsl:variable>\r\n		<li>\r\n    <!--<xsl:if test=\"$index &lt; 7\">-->        \r\n          <a href=\"{$site-path}?page_id={page-id}\" target=\"_top\" >\r\n               <xsl:value-of select=\"page-name\" />\r\n           </a>	   \r\n		   <br />\r\n		   <xsl:value-of select=\"page-description\" />\r\n		   <!--<xsl:value-of select=\"page-description\" /><br />-->		   			\r\n			<xsl:apply-templates select=\"sublevel-menu-list\" /> \r\n			\r\n		</li> 	\r\n    <!--</xsl:if>-->\r\n		\r\n</xsl:template>\r\n\r\n<xsl:template match=\"sublevel-menu-list\" > \r\n	\r\n	<xsl:apply-templates select=\"sublevel-menu\" /> 	    	\r\n\r\n</xsl:template>\r\n\r\n\r\n<xsl:template match=\"sublevel-menu\">\r\n   <xsl:variable name=\"index_sous_menu\">\r\n         <xsl:number level=\"single\" value=\"position()\" />\r\n   </xsl:variable>\r\n		 <ul >\r\n			<li>\r\n<!--	<span> -->\r\n				<a href=\"{$site-path}?page_id={page-id}\" target=\"_top\">\r\n					<xsl:value-of select=\"page-name\" />\r\n				</a>\r\n			</li>			\r\n		</ul>\r\n	<!--</span>	-->\r\n		\r\n   \r\n</xsl:template>\r\n\r\n</xsl:stylesheet>\r\n'),(215,'Breadcrum','page_path.xsl','<?xml version=\"1.0\"?>\r\n<xsl:stylesheet version=\"1.0\" xmlns:xsl=\"http://www.w3.org/1999/XSL/Transform\">\r\n\r\n<xsl:param name=\"site-path\" select=\"site-path\" />\r\n\r\n\r\n<xsl:template match=\"page\">\r\n		<xsl:if test=\"position()!=last()-1\">\r\n			<a href=\"{$site-path}?page_id={page-id}\" target=\"_top\"><xsl:value-of select=\"page-name\" /></a> >\r\n		</xsl:if>\r\n		<xsl:if test=\"position()=last()-1\">\r\n			<xsl:value-of select=\"page-name\" />\r\n		</xsl:if>\r\n</xsl:template>\r\n\r\n\r\n<xsl:template match=\"page_link\">\r\n		<xsl:if test=\"position()!=last()-1\">\r\n			<a href=\"{$site-path}?{page-url}\" target=\"_top\"><xsl:value-of select=\"page-name\" /></a> >\r\n		</xsl:if>\r\n		<xsl:if test=\"position()=last()-1\">\r\n			<xsl:value-of select=\"page-name\" />\r\n		</xsl:if>\r\n</xsl:template>\r\n\r\n\r\n</xsl:stylesheet>'),(213,'Main Menu','menu_main.xsl','<?xml version=\"1.0\"?>\r\n<xsl:stylesheet version=\"1.0\"\r\n	xmlns:xsl=\"http://www.w3.org/1999/XSL/Transform\">\r\n\r\n	<xsl:param name=\"site-path\" select=\"site-path\" />\r\n\r\n	<xsl:template match=\"menu-list\">\r\n		<xsl:apply-templates select=\"menu\" />\r\n	</xsl:template>\r\n\r\n	<xsl:template match=\"menu\">\r\n		<li>\r\n			<a href=\"{$site-path}?page_id={page-id}\" class=\"first-level\" target=\"_top\">\r\n					<xsl:value-of select=\"page-name\" />\r\n			</a>\r\n		</li>\r\n	</xsl:template>\r\n\r\n</xsl:stylesheet>\r\n\r\n'),(211,'Menu Init','menu_init.xsl','<?xml version=\"1.0\"?>\r\n<xsl:stylesheet version=\"1.0\" xmlns:xsl=\"http://www.w3.org/1999/XSL/Transform\">\r\n\r\n<xsl:param name=\"site-path\" select=\"site-path\" />\r\n\r\n<xsl:template match=\"menu-list\">\r\n<br /><br />\r\n	<div id=\"menu-init\">\r\n		<div id=\"menu-init-content\">\r\n            <ul id=\"menu-verti\">\r\n                <xsl:apply-templates select=\"menu\" />\r\n            </ul>\r\n        </div>\r\n     </div>\r\n</xsl:template>\r\n\r\n\r\n<xsl:template match=\"menu\">\r\n    <xsl:variable name=\"index\">\r\n    	<xsl:number level=\"single\" value=\"position()\" />\r\n    </xsl:variable>\r\n\r\n    <xsl:if test=\"$index &gt; 7\">\r\n        <li class=\"first-verti\">\r\n        	<a href=\"{$site-path}?page_id={page-id}\" target=\"_top\">\r\n          		<xsl:value-of select=\"page-name\" />\r\n	        </a>\r\n    	    <xsl:apply-templates select=\"sublevel-menu-list\" />\r\n        </li>\r\n   </xsl:if>\r\n</xsl:template>\r\n\r\n<xsl:template match=\"sublevel-menu-list\" >\r\n	<ul>\r\n    	<li class=\"last-verti\">\r\n		 	<xsl:apply-templates select=\"sublevel-menu\" />\r\n 	    </li>\r\n    </ul>\r\n</xsl:template>\r\n\r\n<xsl:template match=\"sublevel-menu\">\r\n   <xsl:variable name=\"index_sous_menu\">\r\n         <xsl:number level=\"single\" value=\"position()\" />\r\n   </xsl:variable>\r\n\r\n   <a href=\"{$site-path}?page_id={page-id}\" target=\"_top\">\r\n		<span><xsl:value-of select=\"page-name\" /></span>\r\n   </a>\r\n</xsl:template>\r\n\r\n</xsl:stylesheet>\r\n'),(217,'Site Map','site_map.xsl','<?xml version=\"1.0\" encoding=\"ISO-8859-1\"?>\r\n<xsl:stylesheet version=\"1.0\" xmlns:xsl=\"http://www.w3.org/1999/XSL/Transform\">\r\n\r\n<xsl:param name=\"site-path\" select=\"site-path\" />\r\n\r\n\r\n<xsl:template match=\"page[page-level=0]\">\r\n	<div class=\"span-15 prepend-1 append-1 append-bottom\">\r\n		<div class=\"portlet -lutece-border-radius\">\r\n			<xsl:apply-templates select=\"child-pages-list\" />\r\n		</div>\r\n	</div>\r\n</xsl:template>\r\n\r\n\r\n<xsl:template match=\"page[page-level=1]\" >\r\n<ul class=\"site-map-level-one\">\r\n	<li>\r\n		<a href=\"{$site-path}?page_id={page-id}\" target=\"_top\">\r\n			<xsl:value-of select=\"page-name\" />\r\n		</a>\r\n		<xsl:apply-templates select=\"page-description\" />\r\n		<xsl:apply-templates select=\"page-image\" />\r\n		<xsl:apply-templates select=\"child-pages-list\" />\r\n	    <xsl:text disable-output-escaping=\"yes\">\r\n		    <![CDATA[<div class=\"clear\">&#160;</div>]]>\r\n	    </xsl:text>\r\n	</li>\r\n</ul>\r\n</xsl:template>\r\n\r\n\r\n<xsl:template match=\"page[page-level=2]\" >\r\n<ul class=\"site-map-level-two\">\r\n	<li>\r\n		<a href=\"{$site-path}?page_id={page-id}\" target=\"_top\">\r\n			<xsl:value-of select=\"page-name\" />\r\n		</a>\r\n		<xsl:apply-templates select=\"page-description\" />\r\n		<xsl:apply-templates select=\"child-pages-list\" />\r\n	</li>\r\n</ul>\r\n</xsl:template>\r\n\r\n\r\n<xsl:template match=\"page[page-level>2]\" >\r\n<ul class=\"site-map-level-highest\">\r\n	<li>\r\n		<a href=\"{$site-path}?page_id={page-id}\" target=\"_top\">\r\n			<xsl:value-of select=\"page-name\" />\r\n		</a>\r\n		<xsl:apply-templates select=\"page-description\" />\r\n		<xsl:apply-templates select=\"child-pages-list\" />\r\n	</li>\r\n</ul>\r\n</xsl:template>\r\n\r\n\r\n<xsl:template match=\"page-description\">\r\n	<br /><xsl:value-of select=\".\" />\r\n</xsl:template>\r\n\r\n\r\n<xsl:template match=\"child-pages-list[page-level=0]\">\r\n	<xsl:if test=\"count(page)>0\" >\r\n		<xsl:apply-templates select=\"page\" />\r\n    </xsl:if>\r\n</xsl:template>\r\n\r\n\r\n<xsl:template match=\"child-pages-list[page-level=1]\">\r\n	<xsl:if test=\"count(page)>0\" >\r\n		<xsl:apply-templates select=\"page\" />\r\n    </xsl:if>\r\n</xsl:template>\r\n\r\n\r\n<xsl:template match=\"child-pages-list[page-level=2]\">\r\n	<xsl:if test=\"count(page)>0\" >\r\n		<xsl:apply-templates select=\"page\" />\r\n    </xsl:if>\r\n</xsl:template>\r\n\r\n<xsl:template match=\"child-pages-list[page-level>2]\">\r\n	<xsl:if test=\"count(page)>0\" >\r\n		<xsl:apply-templates select=\"page\" />\r\n    </xsl:if>\r\n</xsl:template>\r\n\r\n\r\n<xsl:template match=\"page-image\">\r\n	<div class=\"level-one-image\">\r\n    	<div class=\"polaroid\">\r\n		<img  border=\"0\" width=\"80\" height=\"80\" src=\"images/local/data/pages/{.}\" alt=\"\" />\r\n         </div>\r\n	</div >\r\n</xsl:template>\r\n\r\n\r\n</xsl:stylesheet>\r\n'),(279,'Site Map (Admin mode)','admin_site_map_admin.xsl','<?xml version=\"1.0\"?>\r\n<xsl:stylesheet version=\"1.0\" xmlns:xsl=\"http://www.w3.org/1999/XSL/Transform\">\r\n<xsl:param name=\"site-path\" select=\"site-path\" />\r\n<xsl:variable name=\"current-page-id\" select=\"current-page-id\" />\r\n\r\n<xsl:template match=\"page[page-level=0]\"> \r\n	<div id=\"tree\" class=\"jstree-default\">\r\n		<a href=\"{$site-path}?page_id={page-id}\" title=\"{page-description}\" >\r\n			<xsl:value-of select=\"page-name\" />\r\n			<xsl:if test=\"not(string(page-role)=\'none\')\"> \r\n				<strong><xsl:text disable-output-escaping=\"yes\">- #i18n{portal.site.admin_page.tabAdminMapRoleReserved}</xsl:text>\r\n				<xsl:value-of select=\"page-role\" /></strong>\r\n			</xsl:if>            \r\n		</a>\r\n		<ul>\r\n			<xsl:apply-templates select=\"child-pages-list\" />\r\n		</ul>\r\n	</div>\r\n</xsl:template>\r\n    \r\n<xsl:template match=\"page[page-level>0]\" >\r\n	<xsl:variable name=\"index\" select=\"page-id\" />\r\n	<xsl:variable name=\"description\" select=\"page-description\" />\r\n	\r\n	<li id=\"node-{$index}\">\r\n		<a href=\"{$site-path}?page_id={page-id}\" title=\"{$description}\">\r\n		<xsl:value-of select=\"page-name\" />\r\n			<xsl:if test=\"not(string(page-role)=\'none\')\">\r\n				<strong>\r\n				  <xsl:text disable-output-escaping=\"yes\">#i18n{portal.site.admin_page.tabAdminMapRoleReserved}</xsl:text><xsl:value-of select=\"page-role\" />\r\n				</strong>\r\n			</xsl:if>\r\n		</a>\r\n		<xsl:choose>\r\n			<xsl:when test=\"count(child-pages-list/*)>0\">\r\n				<ul>\r\n				   <xsl:apply-templates select=\"child-pages-list\" />\r\n				</ul>\r\n			</xsl:when>\r\n		   <xsl:otherwise>\r\n				<xsl:apply-templates select=\"child-pages-list\" />\r\n		   </xsl:otherwise>\r\n		</xsl:choose>\r\n	</li>\r\n</xsl:template>\r\n    \r\n<xsl:template match=\"child-pages-list\">\r\n	<xsl:apply-templates select=\"page\" />\r\n</xsl:template>\r\n    \r\n</xsl:stylesheet>\r\n');
/*!40000 ALTER TABLE `core_stylesheet` ENABLE KEYS */;
UNLOCK TABLES;

--
-- Table structure for table `core_template`
--

DROP TABLE IF EXISTS `core_template`;
/*!40101 SET @saved_cs_client     = @@character_set_client */;
/*!40101 SET character_set_client = utf8 */;
CREATE TABLE `core_template` (
  `template_name` varchar(100) COLLATE utf8_unicode_ci NOT NULL,
  `template_value` mediumtext COLLATE utf8_unicode_ci,
  PRIMARY KEY (`template_name`)
) ENGINE=MyISAM DEFAULT CHARSET=utf8 COLLATE=utf8_unicode_ci;
/*!40101 SET character_set_client = @saved_cs_client */;

--
-- Dumping data for table `core_template`
--

LOCK TABLES `core_template` WRITE;
/*!40000 ALTER TABLE `core_template` DISABLE KEYS */;
INSERT INTO `core_template` VALUES ('core_first_alert_mail','Bonjour ${first_name} ! Votre compte utilisateur arrive à expiration. Pour prolonger sa validité, veuillez <a href=\"${url}\">cliquer ici</a>.</br>Si vous ne le faites pas avant le ${date_valid}, il sera désactivé.'),('core_expiration_mail','Bonjour ${first_name} ! Votre compte a expiré. Vous ne pourrez plus vous connecter avec, et les données vous concernant ont été anonymisées'),('core_other_alert_mail','Bonjour ${first_name} ! Votre compte utilisateur arrive à expiration. Pour prolonger sa validité, veuillez <a href=\"${url}\">cliquer ici</a>.</br>Si vous ne le faites pas avant le ${date_valid}, il sera désactivé.'),('core_account_reactivated_mail','Bonjour ${first_name} ! Votre compte utilisateur a bien été réactivé. Il est désormais valable jusqu\'au ${date_valid}.'),('core_password_expired','Bonjour ! Votre mot de passe a expiré. Lors de votre prochaine connexion, vous pourrez le changer.');
/*!40000 ALTER TABLE `core_template` ENABLE KEYS */;
UNLOCK TABLES;

--
-- Table structure for table `core_text_editor`
--

DROP TABLE IF EXISTS `core_text_editor`;
/*!40101 SET @saved_cs_client     = @@character_set_client */;
/*!40101 SET character_set_client = utf8 */;
CREATE TABLE `core_text_editor` (
  `editor_name` varchar(255) COLLATE utf8_unicode_ci NOT NULL,
  `editor_description` varchar(255) COLLATE utf8_unicode_ci NOT NULL,
  `backOffice` smallint(6) NOT NULL,
  PRIMARY KEY (`editor_name`,`backOffice`)
) ENGINE=MyISAM DEFAULT CHARSET=utf8 COLLATE=utf8_unicode_ci;
/*!40101 SET character_set_client = @saved_cs_client */;

--
-- Dumping data for table `core_text_editor`
--

LOCK TABLES `core_text_editor` WRITE;
/*!40000 ALTER TABLE `core_text_editor` DISABLE KEYS */;
INSERT INTO `core_text_editor` VALUES ('tinymce','portal.admindashboard.editors.labelBackTinyMCE',1),('','portal.admindashboard.editors.labelBackNoEditor',1),('','portal.admindashboard.editors.labelFrontNoEditor',0),('markitupbbcode','portal.admindashboard.editors.labelFrontMarkitupBBCode',0);
/*!40000 ALTER TABLE `core_text_editor` ENABLE KEYS */;
UNLOCK TABLES;

--
-- Table structure for table `core_user_password_history`
--

DROP TABLE IF EXISTS `core_user_password_history`;
/*!40101 SET @saved_cs_client     = @@character_set_client */;
/*!40101 SET character_set_client = utf8 */;
CREATE TABLE `core_user_password_history` (
  `id_user` int(11) NOT NULL,
  `password` mediumtext COLLATE utf8_unicode_ci NOT NULL,
  `date_password_change` timestamp NOT NULL DEFAULT CURRENT_TIMESTAMP,
  PRIMARY KEY (`id_user`,`date_password_change`)
) ENGINE=MyISAM DEFAULT CHARSET=utf8 COLLATE=utf8_unicode_ci;
/*!40101 SET character_set_client = @saved_cs_client */;

--
-- Dumping data for table `core_user_password_history`
--

LOCK TABLES `core_user_password_history` WRITE;
/*!40000 ALTER TABLE `core_user_password_history` DISABLE KEYS */;
INSERT INTO `core_user_password_history` VALUES (1,'PBKDF2WITHHMACSHA512:40000:d80c43c774e15321d5decadd1082ca51:b0b3d9761b6773f20ff86f41381f28b59f08c7956dbf0fb364df6e2644022fb3661f04f72df1b9d6afc6b7fd972d7512617bc424d14b12f9ee54b7314a004683104d3fe23a17add267959d651fb3c3f69270216d29808fcd306e39a4f347f734aa89f7d68e925cf0f1565f59503d75fbee4c52f707fd0d089f3ccfd6c7c3d443','2020-05-18 15:37:10');
/*!40000 ALTER TABLE `core_user_password_history` ENABLE KEYS */;
UNLOCK TABLES;

--
-- Table structure for table `core_user_preferences`
--

DROP TABLE IF EXISTS `core_user_preferences`;
/*!40101 SET @saved_cs_client     = @@character_set_client */;
/*!40101 SET character_set_client = utf8 */;
CREATE TABLE `core_user_preferences` (
  `id_user` varchar(100) COLLATE utf8_unicode_ci NOT NULL,
  `pref_key` varchar(100) COLLATE utf8_unicode_ci NOT NULL,
  `pref_value` mediumtext COLLATE utf8_unicode_ci,
  PRIMARY KEY (`id_user`,`pref_key`),
  KEY `index_user_preferences` (`id_user`)
) ENGINE=MyISAM DEFAULT CHARSET=utf8 COLLATE=utf8_unicode_ci;
/*!40101 SET character_set_client = @saved_cs_client */;

--
-- Dumping data for table `core_user_preferences`
--

LOCK TABLES `core_user_preferences` WRITE;
/*!40000 ALTER TABLE `core_user_preferences` DISABLE KEYS */;
/*!40000 ALTER TABLE `core_user_preferences` ENABLE KEYS */;
UNLOCK TABLES;

--
-- Table structure for table `core_user_right`
--

DROP TABLE IF EXISTS `core_user_right`;
/*!40101 SET @saved_cs_client     = @@character_set_client */;
/*!40101 SET character_set_client = utf8 */;
CREATE TABLE `core_user_right` (
  `id_right` varchar(255) COLLATE utf8_unicode_ci NOT NULL DEFAULT '',
  `id_user` int(11) NOT NULL DEFAULT '0',
  PRIMARY KEY (`id_right`,`id_user`),
  KEY `index_user_right` (`id_user`)
) ENGINE=MyISAM DEFAULT CHARSET=utf8 COLLATE=utf8_unicode_ci;
/*!40101 SET character_set_client = @saved_cs_client */;

--
-- Dumping data for table `core_user_right`
--

LOCK TABLES `core_user_right` WRITE;
/*!40000 ALTER TABLE `core_user_right` DISABLE KEYS */;
INSERT INTO `core_user_right` VALUES ('CORE_ADMIN_SITE',1),('CORE_ADMIN_SITE',2),('CORE_ADMINDASHBOARD_MANAGEMENT',1),('CORE_CACHE_MANAGEMENT',1),('CORE_DAEMONS_MANAGEMENT',1),('CORE_DASHBOARD_MANAGEMENT',1),('CORE_EDITORS_MANAGEMENT',1),('CORE_FEATURES_MANAGEMENT',1),('CORE_LEVEL_RIGHT_MANAGEMENT',1),('CORE_LINK_SERVICE_MANAGEMENT',1),('CORE_LINK_SERVICE_MANAGEMENT',2),('CORE_LOGS_VISUALISATION',1),('CORE_MAILINGLISTS_MANAGEMENT',1),('CORE_MODES_MANAGEMENT',1),('CORE_PAGE_TEMPLATE_MANAGEMENT',1),('CORE_PAGE_TEMPLATE_MANAGEMENT',2),('CORE_PLUGINS_MANAGEMENT',1),('CORE_PROPERTIES_MANAGEMENT',1),('CORE_PROPERTIES_MANAGEMENT',2),('CORE_RBAC_MANAGEMENT',1),('CORE_RIGHT_MANAGEMENT',1),('CORE_ROLES_MANAGEMENT',1),('CORE_ROLES_MANAGEMENT',2),('CORE_SEARCH_INDEXATION',1),('CORE_SEARCH_INDEXATION',2),('CORE_SEARCH_MANAGEMENT',1),('CORE_SEARCH_MANAGEMENT',2),('CORE_STYLES_MANAGEMENT',1),('CORE_STYLESHEET_MANAGEMENT',1),('CORE_TEMPLATES_AUTO_INCLUDES_MANAGEMENT',1),('CORE_USERS_MANAGEMENT',1),('CORE_USERS_MANAGEMENT',2),('CORE_WORKGROUPS_MANAGEMENT',1),('CORE_WORKGROUPS_MANAGEMENT',2),('CORE_XSL_EXPORT_MANAGEMENT',1),('HATEST_MANAGEMENT',1);
/*!40000 ALTER TABLE `core_user_right` ENABLE KEYS */;
UNLOCK TABLES;

--
-- Table structure for table `core_user_role`
--

DROP TABLE IF EXISTS `core_user_role`;
/*!40101 SET @saved_cs_client     = @@character_set_client */;
/*!40101 SET character_set_client = utf8 */;
CREATE TABLE `core_user_role` (
  `role_key` varchar(50) COLLATE utf8_unicode_ci NOT NULL DEFAULT '',
  `id_user` int(11) NOT NULL DEFAULT '0',
  PRIMARY KEY (`role_key`,`id_user`)
) ENGINE=MyISAM DEFAULT CHARSET=utf8 COLLATE=utf8_unicode_ci;
/*!40101 SET character_set_client = @saved_cs_client */;

--
-- Dumping data for table `core_user_role`
--

LOCK TABLES `core_user_role` WRITE;
/*!40000 ALTER TABLE `core_user_role` DISABLE KEYS */;
INSERT INTO `core_user_role` VALUES ('all_site_manager',1),('all_site_manager',2),('super_admin',1),('super_admin',2);
/*!40000 ALTER TABLE `core_user_role` ENABLE KEYS */;
UNLOCK TABLES;

--
-- Table structure for table `core_xsl_export`
--

DROP TABLE IF EXISTS `core_xsl_export`;
/*!40101 SET @saved_cs_client     = @@character_set_client */;
/*!40101 SET character_set_client = utf8 */;
CREATE TABLE `core_xsl_export` (
  `id_xsl_export` int(11) NOT NULL AUTO_INCREMENT,
  `title` varchar(255) COLLATE utf8_unicode_ci DEFAULT NULL,
  `description` varchar(255) COLLATE utf8_unicode_ci DEFAULT NULL,
  `extension` varchar(255) COLLATE utf8_unicode_ci DEFAULT NULL,
  `id_file` int(11) DEFAULT NULL,
  `plugin` varchar(255) COLLATE utf8_unicode_ci DEFAULT '',
  PRIMARY KEY (`id_xsl_export`)
) ENGINE=MyISAM AUTO_INCREMENT=127 DEFAULT CHARSET=utf8 COLLATE=utf8_unicode_ci;
/*!40101 SET character_set_client = @saved_cs_client */;

--
-- Dumping data for table `core_xsl_export`
--

LOCK TABLES `core_xsl_export` WRITE;
/*!40000 ALTER TABLE `core_xsl_export` DISABLE KEYS */;
INSERT INTO `core_xsl_export` VALUES (125,'Core - Export users to a CSV file','Export back office users to a CSV file','csv',125,'core'),(126,'Core - Export users to a XML file','Export back office users to a XML file','xml',126,'core');
/*!40000 ALTER TABLE `core_xsl_export` ENABLE KEYS */;
UNLOCK TABLES;

--
-- Table structure for table `hatest_hatest`
--

DROP TABLE IF EXISTS `hatest_hatest`;
/*!40101 SET @saved_cs_client     = @@character_set_client */;
/*!40101 SET character_set_client = utf8 */;
CREATE TABLE `hatest_hatest` (
  `id_hatest` int(11) NOT NULL AUTO_INCREMENT,
  `nom` varchar(50) COLLATE utf8_unicode_ci DEFAULT '',
  `prenom` mediumtext COLLATE utf8_unicode_ci,
  `adresse` mediumtext COLLATE utf8_unicode_ci,
  `datenaissance` date DEFAULT NULL,
  PRIMARY KEY (`id_hatest`)
) ENGINE=MyISAM AUTO_INCREMENT=2 DEFAULT CHARSET=utf8 COLLATE=utf8_unicode_ci;
/*!40101 SET character_set_client = @saved_cs_client */;

--
-- Dumping data for table `hatest_hatest`
--

LOCK TABLES `hatest_hatest` WRITE;
/*!40000 ALTER TABLE `hatest_hatest` DISABLE KEYS */;
INSERT INTO `hatest_hatest` VALUES (1,'Dupont','Alain','227 rue de Bercy','1978-10-20');
/*!40000 ALTER TABLE `hatest_hatest` ENABLE KEYS */;
UNLOCK TABLES;
/*!40103 SET TIME_ZONE=@OLD_TIME_ZONE */;

/*!40101 SET SQL_MODE=@OLD_SQL_MODE */;
/*!40014 SET FOREIGN_KEY_CHECKS=@OLD_FOREIGN_KEY_CHECKS */;
/*!40014 SET UNIQUE_CHECKS=@OLD_UNIQUE_CHECKS */;
/*!40101 SET CHARACTER_SET_CLIENT=@OLD_CHARACTER_SET_CLIENT */;
/*!40101 SET CHARACTER_SET_RESULTS=@OLD_CHARACTER_SET_RESULTS */;
/*!40101 SET COLLATION_CONNECTION=@OLD_COLLATION_CONNECTION */;
/*!40111 SET SQL_NOTES=@OLD_SQL_NOTES */;

-- Dump completed on 2020-05-18 17:44:31
